{
  "best_params": {
    "linearsvr__C": 0.01
  },
  "spearman": 0.7953669354743643,
  "mae": 0.12096559809493464,
  "rmse": 0.15272798643608312,
  "binary_test": {
    "auc": 0.7958843663214361,
    "f1": 0.7466636886481657,
    "acc": 0.6990980236105584,
    "thr": 0.2772590876880619
  }
}