{
  "random": {
    "precision": 0.46470970406453554,
    "recall": 0.2944408106073893,
    "f1": 0.3327863209023464,
    "ed_sub1": 19.848918954768536,
    "ed_sub1.5": 22.93997877702613,
    "ed_sub2": 25.414643851969757,
    "ter": 82.48458287928466
  },
  "vdb": {
    "precision": 0.4586249430523909,
    "recall": 0.09598185075724468,
    "f1": 0.14021613913412947,
    "ed_sub1": 20.015784586815226,
    "ed_sub1.5": 22.961467038068708,
    "ed_sub2": 25.413582703276298,
    "ter": 87.9427388456653
  }
}