{
  "checkpoint": "bert_reg/lr_5e-05/checkpoint-1886",
  "spearman": 0.8634699181968284,
  "mae": 0.09570248689958079,
  "rmse": 0.12726940885883192,
  "binary_test": {
    "auc": 0.8064971640329639,
    "f1": 0.7459270072992701,
    "acc": 0.7114338771720388,
    "thr": 0.253173828125
  }
}