{
  "random": {
    "precision": 0.3371759876502772,
    "recall": 0.2865367995406498,
    "f1": 0.28117181418657017,
    "ed_sub1": 19.848918954768536,
    "ed_sub1.5": 22.93997877702613,
    "ed_sub2": 25.414643851969757,
    "ter": 82.48458287928466,
    "n_valutate": 7539
  },
  "vdb": {
    "precision": 0.34707637431824595,
    "recall": 0.09551484730732325,
    "f1": 0.12897762061594398,
    "ed_sub1": 20.015784586815226,
    "ed_sub1.5": 22.961467038068708,
    "ed_sub2": 25.413582703276298,
    "ter": 87.9427388456653,
    "n_valutate": 7539
  }
}